{
    "loss": 0.8778531551361084,
    "accuracy": 0.8879310488700867
}